岗位名称,公司名称,薪资,岗位描述,投递要求,工作地点,学历,工作时长,实习时长
后端开发实习生,治吉科技,150-200/天,公司简介：治吉科技（ZG Tech）是一家致力于通过数据和技术赋能用户，帮助用户更好的掌握与管理自身环境、社会和治理（ESG）表现的可持续科技公司。公司成立于2021年，创始股东包括世界500强商业数据公司以及中国顶级私募股权基金，团队成员拥有丰富的国际视野与行业经历。岗位职责：·       参与完成项目的代码编写、单元测试和相关文档的编写工作·       参与数据模型和接口的开发及技术文档编写·       参与DEVOPS Pipleline搭建·       完善技术问题的排查分析、保证平台系统的正常运行任职资格：·       计算机/软件/通信信息/电子等理工科专业，本科以上学历，一周可实习4天以上，优秀者可给予全职录取·       了解前端技术，如VUE、React等·       了解Python，乐于钻研新技术，有爬虫经验者优先·       了解DEVOPS，企业级工具pipeline，GIT·       熟悉数据库优先考虑，如mysql、MongoDB·       工作细致耐心，责任心、沟通能力、学习能力强，具有团队合作精神,投递要求：简历要求：中文截止日期：,上海市长宁区延安西路2299弄西区,本科,4天／周,实习3个月
IT开发实习生,第一医药,120-150/天,岗位职责：1、配合公司业务需求，协助进行软件开发任务的开发、测试、部署；2、配合完成技术开发，保障开发的质量和效率；3、跟进公司IT项目，协助完成立项、执行、验收、评估等流程。任职要求：1、2023届应届毕业生，本科及以上学历，计算机或IT相关专业毕业，一周至少出勤3个工作日；2、具有系统的软件工程知识，熟悉SqlServer、ORACLE数据库和Windows操作系统相关使用；3、有高度的责任感，愿意主动学习，良好的团队合作意识；4、表现优异者予以管培生优先录用机会。,投递要求：简历要求：中文截止日期：,徐汇区小木桥路681号20楼,本科,3天／周,实习3个月
后端实习生,快牛智能,200-400/天,岗位职责:1、负责公司内部系统的研发工作；2、深入发掘和分析业务需求，撰写技术方案和系统设计；3、对产品需求进行构建，部署；4、持续对系统架构进行改造和性能优化；任职要求:1、本科及以上学历，计算机相关专业；2、深刻理解计算机原理，良好的常用数据结构和算法基础；3、有扎实的编程能力，有优秀的设计和代码品位；4、熟练掌握至少一门编程语言 C/C++/Java 等不限；5、熟悉 HTTP/HTTPS 协议；6、熟悉 MySQL 数据库，了解索引优化、查询优化；7、熟悉至少一种非关系型数据库，如 Redis，理解其适用场景；8、熟悉消息队列的架构范式；9、熟悉 Docker 和 Kubernetes 优先；10、熟悉 PHP/Go 语言优先；,投递要求：简历要求：中文截止日期：,上海市长宁区淞虹路207号明基商务广场B座,本科,5天／周,实习6个月
后端工程师,星逻智能,150-200/天,职责描述 1.负责后端系统接口功能设计，开发与优化； 2.负责后台业务逻辑与单元测试的开发； 3.协助完整软件的需求分析，功能设计，数据库设计文档编写工作； 4.负责后台系统的部署以及运维； 5.根据项目计划，按时完成项目技术的开发任务；  任职要求： 1.熟悉Node.js及常用模块，对js语言有深入了解； 2.熟悉express，Koa或者egg常用的web框架； 3.熟悉mysql，mongodb等常用的数据库以及redis中间件； 4.熟悉websocket，mqtt等常用的通讯协议； 5.熟悉后端服务的部署，熟悉Nginx常用配置参数，了解docker/K8S等容器化部署方案； 6.数悉restfulAPI接口设计风格； 7.对vue，react等前端框架熟悉者优先考虑； 8.有责任心，有上进心，能积极主动解决问题，能力优秀者，不限定编程语言；,投递要求：简历要求：中文截止日期：,锦绣东路1999号,本科,6天／周,实习12个月
IT工程师,金海高科,120-150/天,工作职责：1、负责基础架构（电脑、网络、机房服务器等）的运维2、对应厂区的硬软件的支持3、提供转正机会岗位要求：1 学历：本科或以上学历2 专业：网络工程等相关专业,投递要求：简历要求：中文截止日期：,上海徐汇区零陵路899号飞洲国际广场,本科,5天／周,实习12个月
IT-helpdesk,上海药坦药物,100-200/天,岗位职责：1．为公司员工提供办公软硬件安装配置、维护等IT技术支持服务；2.维护公司内外部网络信息安全、各类防火墙、行为管理的安装、配置；3．对电脑、打印机、电话等信息化设备进行日常维护；4．保障公司办公网络通畅，包含内外网、无线WiFi、机房服务器访问等；5．协助主管完成公司数据文件的备份、加密工作，确保数据安全；6．协助主管完成门禁系统、考勤系统、监控系统、数据库等日常管理、维护工作；任职要求：1.掌握基本的计算机网络技能和软硬件的相关知识，能够处理常见的计算机故障；2．计算机、软件、通信等理工科相关专业背景；3．具有良好的服务意识，保密意识。富有耐心和责任心，工作积极主动；4．大三、研一、研二同学优先考虑，全职在岗（周一至周五）实习者优先；,投递要求：简历要求：不限截止日期：,上海市浦东新区环桥路555弄26号楼,大专,5天／周,实习3个月
IT实习生,淡水河谷,150-200/天,职位描述：技术-APJ的基础设施服务技术实习生将在该领域提供帮助，了解整个流程，获得专业经验和知识，支持全球流程。任职要求：1.能解决一般问题，为用户提供技术支持。2.准备行政材料（报告等）3.帮助Vales实现文化转型专业：计算机科学、信息技术、计算机工程和信息系统，或者计算机相关的专业。工作经验：不要求有实习经验。学习能力强。语言：英语流利,投递要求：简历要求：中文 英文截止日期：,闸北区裕通路100号洲际商务中心52楼,本科,3天／周,实习6个月
Java开发实习生（前端和后端方向）,MarcPoint,180-250/天,职位描述：1、参与宏原AI算法的系统工程开发，在消费者洞察、社交营销等多业务场景落地；2、根据项目进度要求，完成子系统和模块开发、单元测试和系统联调；3、根据公司规范要求，编写技术文档；4、系统重构、功能升级和解决bug。 任职要求：1、大三、大四及在校研究生，计算机、软件类及相关专业方向；2、熟悉Java，拥有良好的计算机基础知识和编程习惯；3、拥有良好的沟通表达能力，对技术有热情、学习能力强，有责任心；4、每周实习5天，实习周期在3个月以上；5、可选择实习方向，可做后端开发，也可做前端开发。,投递要求：简历要求：中文截止日期：,上海市/上海市/徐汇区科技大楼C楼宜山路900号科技产业化大楼C座1701室,硕士,5天／周,实习4个月
IT技术支持,铂研康宸,150-180/天,岗位职责：1.负责用户电脑操作系统更新安装；2.负责IT固定资产登记，入库及盘点工作；3.协助IT资产整理，搬迁至新办公室；4.日常桌面维护，包括办公电脑，打印机、投影仪等周边设备。任职条件：1.每周能保证3天或以上正常工作，实习时间3个月。2.对待工作认真负责，学习能力强，具有良好的沟通能力和团队协作能力。3.具备计算机及网络基础知识，熟悉电脑系统安装4.本科及以上学历，计算机信息技术或相关专业毕业生优先公司介绍：牙科医疗器械外企工作，2号线淞虹路地铁站附近。,投递要求：简历要求：中文截止日期：,上海市/上海市/长宁区,本科,3天／周,实习3个月
IT研发实习生,智业云,120/天,1、软件开发；2、网络维护；3、系统运维；4、参与公司各个IT项目的实施；5、领导交办的其他事务。任职要求：1、计算机相关专业本科以上学历；2、具有主动思考和创新能力，积极主动的工作态度；3、每周至少3天在岗，有项目或实习经验者优先；4、特别可适当放宽条件，表现者有优先机会留用。,投递要求：简历要求：中文截止日期：,上海市黄浦区淮海中路2-8号兰生大厦,本科,3天／周,实习6个月
IT助理实习生,光大证券,80-120/天,【岗位职责】1、协助衍生品交易业务的日常数据分析工作，编写相关数据采集与分析脚本。2、协助衍生品管理系统设计和开发工作。3、协助撰写相关接口文档和单元测试用例。【专业需求】专业以计算机、电子等数理类学科为主；具有良好的数理基础和编程能力，熟悉Java 或者Python 编程语言。,投递要求：简历要求：中文截止日期：,上海市静安区新闸路1508号,硕士,5天／周,实习3个月
前端技术实习生,佳格天地,100-200/天,1.了解 JavaScript/Typescript、CSS、HTML、DOM/BOM、网络协议等前端相关技术，对主流前端框架（ React/Vue/Angular 等）中的至少一种有使用经验；2.了解ES6语法，了解WebPack，Gulp等前端自动化和工程化解决方案；3.能使用Git。4.关注前端前沿技术，具备较强的学习能力及责任心&semi;加分项1.熟悉至少一种服务端开发语言，如 Node.js、Python、Java、Go，了解 HTTP 协议相关的基础知识；2.熟悉Linux操作，掌握常用的shell命令；3.熟悉ArcGIS，熟悉开源GIS（GeoServer、OpenLayers、Mapbox、threejs）开发优先。,投递要求：简历要求：中文截止日期：,上海市徐汇区田林路130号20号楼氪空间,大专,4天／周,实习3个月
前端开发实习生,云体科技,150-250/天,云体科技招聘啦！！我们是：一家专注于汽车DevOps的高科技创业公司，帮助车企快速实现数字化转型。我们也是：一支年轻的、充满青年才俊的海归创业团队！！平均年龄28岁！团队成员来自于德国卡尔斯鲁厄理工大学、芬兰阿尔托大学、吉林大学、中国地质大学、北方工业大学的汽车或计算机专业。我们不仅拥有对应届生、实习生、正式岗位员工的系统化培养体系，扁平化、老带新的管理模式，我们也有以兴趣和能力为驱动的，内部员工转岗和培养机制，最大程度激发你的工作兴趣和培养你的工作能力！你将获得：高于行业平均水平的薪酬，轻松灵活的工作环境，互相学习的工作氛围，和无限的发展潜力，能够近距离地观察一家创业公司从0到1的建设过程，并能亲身参与其中。2021年已有超过10名优秀实习生从我们这儿获得了软件开发经验，并获得了我们的正式岗位或硕博申请推荐信。前端开发实习生（远程）职责范围：1、协助开发工程师一起，开发saas类软件；2、独立完成某些前端模块的开发，独立完成单元测试用例的编写。岗位要求：1、远程实习，每周至少能工作3天以上2、大三及以上；3、有软件开发项目经验；4、了解Vue，JavaScript，CSS ；5、了解git，使用过gitlab或github做多人项目的开发，熟悉git的基本操作；6、对代码质量有高要求，能在开发过程中编写单元测试7、有jira或类似jira的系统使用经验，如TAPD、redmine、禅道等等；8、对java，go有所了解是加分项,投递要求：简历要求：中文截止日期：,不限,不限,3天／周,实习3个月
后端开发工程师,iDaily·每日科技,200-400/天,岗位职责：负责团队应用层系统基础架构搭建岗位要求：1.了解 Ruby/Python/NodeJS/PHP/Java/Go/Erlang/C++ 等任意一门语言2.了解 MySQL / PostgreSQL 开发3.了解前端开发相关技术4.有钻研精神，并对新技术有孜孜不倦的追求,投递要求：简历要求：中文截止日期：,上海黄浦区建国中路8号桥创意园区,本科,4天／周,实习6个月
后端开发工程师,国耀圣康,150/天,1、负责Python后端服务开发，包括各种业务系统和大数据应用开发等；2、负责相应系统、模块的开发工作，包括需求分析、接口设计、数据设计、测试、性能优化等；3、负责持续优化系统架构，提升系统性能，优化数据结构，提升系统可扩展性；4、负责持续跟进系统 bug，构建高可用性后台系统；5、负责高质量的设计和编码，承担重点、难点的技术攻坚。任职要求：1、精通 Python 语言，熟练使用Python主流web框架；2、掌握 REST API 标准和接口开发；3、掌握 MVC 设计模式，熟悉系统分层和模块化设计；4、熟练使用 ElasticSearch，熟悉索引结构设计和性能调优；5、熟练使用 MySQL 等关系型数据库，熟悉数据库结构设计和性能调优；6、熟练使用 Redis 等NoSQL数据库。,投递要求：简历要求：中文截止日期：,上海市/上海市/黄浦区汉口路266号申大厦16楼,本科,5天／周,实习3个月
后端开发实习生,1Token,300-500/天,公司是金融行业的一站式软件系统提供商，我们专业服务于金融行业的买方、买方及托管行等机构，团队成员毕业于新加坡南洋理工，纽约大学，复旦大学等知名高校，核心团队有6年+的金融市场IT基建研发经验，及10年+的传统金融系统服务经验，此前任职的公司 Scivantage （已被 refinitiv 收购）是美国传统市场知名的金融软件系统提供商，服务包括美国银行、德意志银行、vanguard、Scottrade 等服务传统市场知名机构。我们的系统已服务超50家新加坡、香港，欧洲，中东，北美大机构客户，软件覆盖前-中-后台的解决方案，帮助机构管理客户/投资者、产品/金融服务、运营/流程、投资组合、抵押品、订单、执行/终端、风险/合规、清算/结算、资金转移/划转、数据/对账、会计等。目前公司盈利情况良好-团队来自南洋理工，纽约大学，杜克大学，芝加哥大学，复旦，交大，同济，财大等Google，摩根士丹利，paypal，refinitiv（300亿美金被收购），东方财富证券，中信证券，恒生电子等-团队14年开始在全球fintech领域展业，目前已经有多条盈利良好的业务线-比起刚起步的创业公司，我们有高的多的稳定性- 公司技术氛围好，CTO是联合创始人。技术栈新（golang/docker/云原生）， 有完善的code review和coverage体系。个人成长空间大，不做螺丝钉。工作职责- 理解金融产品方案 梳理产品底层技术逻辑- 与前端同步接口的设计- 对接数据库和已有模块，编写后端代码能力要求- 熟悉一门编程语言（golang/java/python/c/php等）- 熟悉 Redis， Postgres， Mysql 等数据库- 逻辑思维能力强- 本科以上学历只接受实习6个月以上/可转正的同学；以及只接受线下实习，不接受远程。PS：所有岗位皆可转正，正式员工全年最低16M。21年平均20-22M实习期超过3个月后无试用期工作地点：上海市杨浦区城市概念软件信息园8号楼南区B10,投递要求：简历要求：不限截止日期：,上海市/上海市/杨浦区城市概念软件信息园8号楼南区B10,本科,5天／周,实习3个月
IT技术支持实习生,中软国际,150/天,工作职责：协助EMC公司产品售后部的工程师完成产品故障处理，升级以及维护工作工作内容包括：负责企业级软件的技术支持工作，跟进各国客户的服务单直到问题解决通过电话或电话联系客户，搭建远程了解客户环境，分析问题原因除了软件本身，分析问题过程中还经常涉及网络、抓包、防火墙、Linux/Unix、NAS、带库和驱动器、云设备等的排查根据客户的环境或需求提供建议和改进方案职位要求：大三本科或硕士在读学生，非2021应届毕业生每周至少出勤3天（可包含1天周末），比如工作日任意2天+周末任意1天，或者工作日任意3天，工作时间早上9点到晚上6点需要熟练的英语阅读和书写能力，英语口语能够简单交流对IT行业计算机知识有兴趣学习个性积极乐观，做事认真仔细能静下心来踏实工作，且能够长期实习4个月以上实习生会考虑毕业后留用实习工资：薪资：150元/天每月出勤超过15天，额外500元奖金，超过19天的，800元奖金每月绩效前三名，有200-500元的奖金,投递要求：简历要求：中文截止日期：,工作地点:上海市杨浦区淞沪路433号,不限,3天／周,实习3个月
后端开发实习生,泽哇陆哆,250-300/天,1、参与产品服务端业务开发，计算机相关专业（2022年及以后毕业），基础扎实2、具有良好的编程习惯，熟悉至少一门编程语言，包括但不仅限于：C++、Go、Java、Python3、热爱编程，有较强的学习能力，能及时关注和学习业界最新技术加分项1、了解云计算/区块链相关技术者优先,投递要求：简历要求：中文截止日期：,上海市/上海市/静安区静安大融城7号楼沪太路1111弄7号楼710室,本科,5天／周,实习3个月
后端开发实习生,上海焜耀,200-400/天,面向23届985/211院校学生提供实习岗位对区块链行业及web3.0感兴趣的同学欢迎加入我们多语言培养，以golang和rust为主您加入我们，和一群精英合作，一起干一件推动分布式与区块链领域技术革新的大事岗位职责：1、理解行业场景，根据需求设计开发高性能、高安全性的后端代码；2、研究公司区块链业务相关的协议，运行机制、加密技术、底层实现和共识算法等，参与设计开发链底层程序和组件工具；3、参与相关技术的研究及技术难点的攻克，不断进行性能优化，代码优化；4、参与团队技术经验沉淀及分享，关注区块链相关前沿技术研究。岗位要求：1、23届985/211院校，计算机、数学、密码学相关专业；2、对区块链行业感兴趣。,投递要求：简历要求： 不限截止日期：,上海徐汇区漕河泾国际孵化中心A区21层,不限,5天／周,实习3个月
后端开发工程师,汇尼数科,150-250/天,岗位职责1. 公司独立运营产品后端开发工作，主要开发语言JAVA；2. 与产品、前端团队充分沟通，快速理解、消化各方需求，并落实为具体的开发和上架工作；3. 对各种后端技术有一定了解，能够快速掌握主流JAVA开发平台及环境，并进行项目实施及开发工作。岗位要求1. 计算机软件及相关专业，本科及以上学历，一年以内工作经验，实习生、应届生皆可；2. JAVA基础扎实，了解缓存，并发，多线程，事务等基本概念，有大型商业分布式系统开发经验优先考虑；3. 熟悉spring全家桶；有mybatis-plus，guava，redisson等常见优秀java开发库的实践经验；4. 了解常见中间件的应用场景/功能如：redis，消息队列，nacos，nginx；5. 了解关系型数据库概念，熟悉sql，有使用mysql，oracle或PG的实践经验； 熟练使用git，理解相关概念；6. 了解linux基本命令，有基础运维能力； 有较强的钻研能力、逻辑思维能力，关注行业前沿技术；7. 热爱技术，有较强的学习能力，非"机械化"开发人员；8. 有支付、金融科技、OA系统等相关商业项目经验优先。,投递要求：简历要求：中文截止日期：,浦江智谷商务园1号楼三楼西,本科,5天／周,实习6个月
后端Web开发,擎丰投资,150-300/天,岗位职责：· 采用Go(Golang)语言开发稳健的金融相关后端程序· 负责Go相关的开发工作· 负责内部代码维护岗位要求:· 计算机相关专业· 精通Go语言，最好对Go源代码有一定的了解· 有后台Web开发经验· 做事认真负责，喜欢钻研新技术· 有开源项目开发经验者优先,投递要求：简历要求：中文 英文截止日期：,上海市黄浦区桃源路85号永银大厦1202室,本科,5天／周,实习3个月
后端开发实习生,又为智能,200-250/天,职位职责：1、参与调研公司研发体系和流程，给出相应底层服务的平台设计和技术方案；2、将设计方案实现为具体的平台功能，持续跟踪结果、不断优化用户体验；3、主导或参与技术方案调研，原型系统搭建，工具链设计和开发等工作。职位要求：1、计算机，软件工程等相关专业，本科及以上学历&semi;2、良好的设计和编码习惯（所用语言主要为Python/Django）；3、良好的数据结构和算法知识；4、深入理解一门后端语言，对内存模型，并发编程，语言相关的设计模式有深刻认识；5、熟悉基础的数据库操作，了解至少一个关系数据库的使用/配置方法；6、对后端开发具有兴趣，工作踏实认真有责任心，积极主动解决技术难题，有良好的团队协作能力及沟通技巧；,投递要求：简历要求：中文截止日期：,上海市浦东新区荣科路118号凯瑞大厦2号楼1层,本科,4天／周,实习3个月
后端开发实习生,云扩科技,150-180/天,1、按需求和上级领导要求完成产品或项目的开发任务，保证开发质量；2、对负责领域模块进行日常问题的排查和修复。基本要求：1、 大专及以上学历，计算机相关专业；2、 掌握Python、Java、ASP.net(C#)等其中一种技术，有开发经验者优先；3、 了解 JavaScript，了解HTML、CSS、JS、Ajax或Jquery；4、 拥有代码规范意识、文档撰写规范意识和团队合作沟通交流意识；5、 做事认真负责，性格积极开朗。,投递要求：简历要求：中文截止日期：,上海市徐汇区徐汇万科中心H座5层,大专,4天／周,实习3个月
后端开发工程师,海深科技,250-400/天,岗位职责：业务相关的应用开发以及系统部署等岗位要求：1. 本科及以上学历，计算机相关专业2. 有比较强的代码能力3. 熟悉常用的算法和数据结构4. 主动、严谨，能够承受一定的工作压力,投递要求：简历要求：中文截止日期：,上海市浦东软件园博霞路22号,本科,5天／周,实习6个月
IT开发实习生,东海基金,100-120/天,工作职责： 1、主要负责基金公司后台系统的开发，参与架构设计工作（有投研系统研发、大数据平台研发两个方向）；2、参与项目需求分析，负责系统功能模块的设计和相应的开发工作；3、系统日常维护及持续改进、参与系统代码 Review&semi;4、配合团队成员进行系统的各项测试和部署，配合项目负责人制项目研发工作计划、统筹整体工作进度等项目管理工作；5、承担部分外包人员的日常管理工作；6、 完成领导分配的其他工作。 岗位要求1、硕士以上学历，计算机类、电子类、电气类、自动化类、数学类或金融相关等相关专业优先，有志于在金融科技行业长期耕耘；2、计算机基础扎实， 熟悉常见的算法与数据结构；3、熟练使用以下几种编程语言中的一种（Java、C++/C 、GO、Python)，掌握至少一种中间件的（消息队列、内存数据库等中间件）；4、熟练使用常见的关系型数据库，熟悉数据库设计相关理论、掌握SQL语句；5、熟悉大数据相关组件与架构（Hive 、Spark、Hbase 或其他大数据组件）有大数据相关科研背景或研发经验的；6、熟悉Spring Boot 或Spring Cloud 相关技术框架。 备注： 5、6两条满足一条即可；办公地点：上海市浦东新区陆家嘴基金大厦15楼（近浦电路）,投递要求：简历要求：中文截止日期：,上海市/上海市/浦东新区东海基金管理有限责任公司陆家嘴基金大厦15楼,硕士,3天／周,实习3个月
互联网产品运营管理培训生,锐陌科技,100-200/天,岗位职责：1. 负责公司互联网产品的运营维护，包含但不限于内容运营、社群运营、市场运营；2. 公司统一安排培训，培训合格由线上实习转为线下实习；3.内容运营包含但不限于微信公众号和知乎的运营及短视频方面的运营；4.社群运营包含社群获客、激活、留存、唤醒、转化等整个流程；5.市场运营包含商业合作的流量置换、活动策划、活动执行、黑客增长等各个方面。任职要求：1.拥有良好的主动学习能力，热爱互联网行业2.有责任心，积极主动，看过1本以上运营相关的书籍3.有运营过新媒体或在互联网公司实习经历者优先,投递要求：简历要求：中文截止日期：,远程,不限,5天／周,实习2个月
前端开发实习生,KnowYourself,150-250/天,岗位职责：1. 参与PC、H5、nodejs 等不同终端的项目研发；2. 学习软件开发的工作流程，与小伙伴一同完善产品功能；任职要求：1. 熟练掌握 HTML/CSS/JS 等主流前端语法；2. 有 React 编码经验，并了解React全家桶；3. 了解小程序的开发、发布模式；4. 有线上作品者优先考虑；熟悉React框架优先；5. 2024届本科以上在校生，一周至少4天，长期优先,投递要求：简历要求：中文截止日期：,上海市/上海市/虹口区飞虹路瑞虹企业天地,本科,4天／周,实习3个月
管理/IT咨询实习生,AMT,120/天,岗位职责：1.参与项目期间各项会议；2.撰写会议纪要、项目进展通报等文案材料；3.协助咨询顾问撰写行业研究、项目方案、数据分析等材料；4. 配合、协助、并完成项目相关负责人布置的工作任务。岗位要求：1. 本科（含在读）及以上学历，管理、统计、供应链、数学等专业优先；2.良好的沟通能力、积极主动；3.优秀的文字能力，熟练应用PPT、Excel、SPSS等办公软件；4.实习期至少三个月，每周至少三天；5.工作地点：上海市区，详细地点根据项目。你能得到什么：1.优秀同学可得到留用机会；2.在项目中接触认识不同的企业，学习企业管理或IT相关专业知识；3.有机会直接与客户交流对接；4.nice的团队氛围。,投递要求：简历要求：中文截止日期：,上海,本科,3天／周,实习3个月
前端开发实习生,TRLab,300/天,岗位职责：1. 参与公司NFT平台的前端开发工作，包括NFT发行、交易市场、钱包与账户管理等；2. 与产品经理和UI设计师紧密配合，给用户创造新颖和前卫的使用体验；3. 协助优化前端技术框架，参与打造公司的标准化、精细化、高性能的前端组件库；4. 跟踪研究前端领域的前沿技术与应用，促进公司相关产品技术的创新和发展。任职要求：1. 大三、研一、研二在校生，计算机相关专业；2. 熟练React，熟练JavaScript/TypeScript，有Hardhat/Truffle/Metamask等区块链开发工具经验者优先；3. 具备优秀的沟通能力，我们是一个高度全球化协作的团队，英文流利者优先；其它福利：非上海学生提供1000元/月租房补贴,投递要求：简历要求：中文截止日期：,上海市闵行区漕河泾浦江科技广场5号楼,本科,4天／周,实习6个月
前端开发实习生,虎扑,200-250/天,职位描述：1.参与研发部的前端开发工作；2.优化前端功能设计，解决浏览器和终端设备的兼容性问题；3.通过技术手段，提升用户体验并满足高性能要求；4.主要前端框架：React。任职要求：1.本科及以上学历，计算机相关专业； 2.良好的设计和编码品味，热爱写代码，能产出高质量的设计和代码；3.精通WEB前端开发技术，包括不限于JavaScript、TypeScript、jQuery、CSS等技术；4.有一定的实际开发经验，热爱技术，良好的沟通协作能力；5.仅限2024届，一周实习5天，可实习6个月以上的优先考虑。,投递要求：简历要求：中文截止日期：,花园坊A2栋3层（花园路171号）,本科,5天／周,实习3个月
前端开发工程师,奥梭格纳,200-300/天,一、 岗位职责web应用的设计与开发二、 岗位要求1、国内外优秀高校应届毕业生，计算机相关专业，以留用为目标2、熟悉了解React+TS 16+3、性格乐观开朗，积极向上4、逻辑能力强，善于思考，能够对使用过的产品进行批判性总结5、学习能力强，乐于探索未知且富有创造力6、表达能力强，能够与不同背景的人沟通合作,投递要求：简历要求：不限截止日期：,上海市/上海市/徐汇区嘉善老市4楼,本科,5天／周,实习6个月
前端开发实习生,太平金服,100-200/天,工作职责:1. 负责移动端和平台产品页面的web前端开发、优化web前端用户体验及架构；2. 配合后端完成接口调试、独立开发前端功能页面以及相关业务需求；3. 根据业务需求，设计并实现技术解决方案。4. 手机APP和网页HTML5页面互动开发、优化。任职资格:1. 计算机及相关专业，本科及以上学历在校生；2. 有实际的H5项目开发经验；3. 熟悉Vue2.0、3.0开发框架，熟悉XHTML/HTML、CSS/CSS3、JavaScript等前端相关技术，熟悉HTML5/XML、W3C标准。,投递要求：简历要求：中文截止日期：,上海市/上海市/徐汇区凯滨路183号保利西岸B座,本科,3天／周,实习3个月
前端开发实习生,蜻蜓智联,150-300/天,【岗位职责】 1. 小程序端/web端开发与部署； 2. app端开发与部署； 3. 其他前端开发工作； 【任职要求】 1. 本科及以上学历，计算机、软件工程、信息系统等相关专业，能独立完成编码、系统设计； 2. 熟悉HTML/CSS3/JS及主流前端框架，如vue等； 3. 熟悉uni-app开发； 4. 了解不同操作系统及浏览器的兼容性区别； 5. 对服务器开发有一定的了解，能够运用ajax配合后端工程师完成相关工作； 6. 自学能力强，上进心强，善于沟通，团队荣誉感强； 7. 有实习经验/实际项目开发经验的优先；熟悉layui框架的优先。,投递要求：简历要求：中文截止日期：,上海市/上海市/嘉定区慧创国际B区391号楼金沙江西路1555弄391号,本科,5天／周,实习6个月
前端开发工程师,孤波科技,200-250/天,工作职责： 使用 Power Platform 工具（如 Power Apps、Power Automate、Power BI、Power  Virtual Agents 等）开发应用程序、自动化业务流程、分析数据以及创建虚拟代理人等。 与业务团队合作，理解业务需求并将其转化为可行的解决方案。 设计和实现 Power Platform 应用程序的数据模型和数据连接，确保数据的准确性和完整性。  编写和维护 Power Platform 应用程序的代码库，确保代码的可读性、可维护性和可扩展性。 进行 Power Platform 应用程序的测试和调试，确保应用程序的质量和稳定性。  提供技术支持和培训，确保用户能够有效地使用 Power Platform 应用程序。  任职要求： 本科或以上学历，计算机科学、软件工程或相关专业。 具有SqlServer数据库或其它关系型数据数据库使用经验。 熟悉HTML，JavaScript等前端开发开发技术。 了解 Power Platform 工具，如 Power Apps、Power Automate、Power BI、Power Virtual  Agents 等。 具备业务流程分析和设计经验，能够理解业务需求并将其转化为可行的解决方案。 具备数据分析和可视化经验，熟悉数据建模和数据连接。 能够独立工作，具备团队合作精神，良好的沟通能力和解决问题的能力。,投递要求：简历要求：中文截止日期：,上海市/上海市/浦东新区华虹科技园碧波路177号,本科,5天／周,实习3个月
前端开发实习生,哔哩哔哩,200-400/天,工作职责:1、负责哔哩哔哩商业化相关平台与产品的前端开发工作；2、协同产品及服务端完成整体项目评审、开发、测试、上线工作；工作要求:1、具备扎实的计算机基础知识；2、熟悉JS，CSS3，HTML5，DOM、协议、安全、网络等前端开发技术；3、对主流前端框架（React\Vue\Angular等）至少一种有应用并理解其设计原理；4、熟悉前端开发调试、脚手架等工具；5、有责任心，良好的沟通协作能力；6、24届及以后毕业，每周至少实习4天。,投递要求：简历要求：中文 英文截止日期：,政立路489号国正中心1号楼7楼,本科,4天／周,实习6个月
前端开发实习生,德勤华东,120-150/天,德勤分析研究所是一个卓越中心，能够在德勤的所有职能中使用分析:咨询、企业风险服务、财务咨询服务、税务和审计。今天的商业环境产生了大量的数据和信息，几乎所有这些信息都被捕获和存储在计算机的形式。DAI帮助业务、财务和风险管理人员理解这些电子数据，并将其放入上下文。我们的客户包括银行、保险、制造、电信、技术、能源和资源等行业的最大公司。作为德勤分析学院的实习生，你将会1. 与后端工程师和产品经理合作，为内部应用开发易于使用和美观的前端页面2. 研究前端新技术，并将其应用到实际项目中3.参与并领导技术框架的选择资格:1. 本科及以上学历，计算机、交互设计或艺术设计相关专业2. 扎实的HTML， CSS， Javascript技能。3.熟练掌握React/Nextjs/Vue等主流前端框架4. 掌握任何后端语言者优先5. 熟悉Linux操作系统，熟悉前端开发工具，如Webpack6. 开放源码项目或贡献是首选7. 能阅读英文文件者优先8. 时刻关注相关领域新技术和新知识的优先性,投递要求：简历要求：中文截止日期：,上海市/上海市/浦东新区外滩中心,本科,5天／周,实习3个月
前端开发实习生,ZStack,200-250/天,岗位职责：负责ZStack管理界面的开发工作&semi;根据需求，设计并实现云计算系统管理界面的前端和后端相关功能&semi;岗位要求：本科/硕士，通信、计算机等相关专业&semi;熟悉Javascript语言&semi;熟悉CSS布局&semi;熟悉Vue.js、ReactJS、AngularJS等现代前端框架中的一种&semi;了解git版本控制系统&semi;具备较强的问题分析能力和团队合作能力&semi;,投递要求：简历要求：中文截止日期：,上海市闵行区东川路555号紫竹科技园4号楼5楼,本科,5天／周,实习6个月
前端开发工程师,名凡企业,150-300/天,鸣熙职位职位职责- 设计，实现并维护自动化交易系统的前端架构- 与后端开发工程师合作设计简洁易用的API- 撰写前端架构开发文档职位要求- 较强的HTML5，CSS3和JavaScript（ES6，ES7）开发能力- 熟练掌握至少一种主流前端框架（例如Vue.js，React），最好是Vue.js- 看得懂英文的开发文档，最好有英语六级证书-熟悉python的django或者flask这两个框架，有flask开发监控系统经验优先考虑- 了解如何使用JavaScript模块打包器（例如webpack）- 了解如何使用RESTful API和JSON加分项- 有Linux环境下开发经验- 熟练掌握Git的使用-熟悉Golang语言， 基础扎实，1年以上Golang语言使用开发经验者，有大型项目经验优先 ；- 了解Sass或者Stylus- 了解如何开发前端框架的单元测试- 了解如何在主流HTTP服务器上（例如Nginx）上部署前端框架- 了解网页美工设计,投递要求：简历要求：中文截止日期：,上海虹口区东长治路359号双狮汇大厦B座18层,本科,3天／周,实习3个月
前端开发工程师,广联达,150-200/天,岗位职责：1、协助分布式云服务前端动态WEB的技术方案设计，代码编写；2、对前端技术进行持续演进，对前端框架进行持续重构；3、前端样式和脚本的模块设计及优化；4、配合后台开发人员完成项目联调；5、配合测试人员及运营人员完成系统测试及产品上线。任职要求：1、2023年及以后学生，本科及以上学历，计算机软件相关专业；硕博优先；2、热爱编程，基础扎实，熟悉操作系统、算法、数据结构、网络及数据库相关知识；3、至少熟练掌握一种编程语言，如：JavaScript/HTML等；4、富有创新精神，爱好解决具有挑战性的问题；5、具有良好的团队意识与责任心。,投递要求：简历要求：中文截止日期：,上海市闵行区申虹路666弄2号楼广联达,本科,4天／周,实习4个月
前端开发实习生,那一科技,200-300/天,上海那一科技有限公司成立于 2021 年 2 月，创始团队来自 Google、Facebook、Amazon 等知名企业，通过应用业界领先的软件工程、静态程序分析、操作系统、人工智能等方向的最新研究成果，为全球中小企业提供统一的技术基础设施（Technical Infrastructure）服务，使客户可以集中资源满足其业务层面的需求。目前我们的产品包括代码审查工具、代码搜索工具、代码实时保护系统、远程构建系统、统一身份认证系统等，处于早期的产品研发阶段，成长机会丰富。我们非常注重对实习生的培养，实习任务都是真实产品中的重要组成部分，可以学习和掌握最前沿的技术和知识，获得独立负责完整项目的锻炼机会。实习期结束后，我们可以提供转正机会，或推荐至适合学生发展的其他公司或高校。根据产品需求、设计稿，开发公司核心产品（包括但不限于 Code Review、Code Search 等）的前端组件、页面布局算法等。岗位要求：• 熟悉 React 框架• 熟练使用 TypeScript 或相关工具链• 常用数据结构和算法• git 基本操作• 优秀的英文沟通能力• 扎实的专业基础实习生每周工作 4-5 天，弹性工作制，不打卡，目前一般 9-5 或 10-6实习生的统一工资标准为 200 元/天，考评超出预期的，另有 20-50%%%% 奖金外地或通勤不便的，提供房补或宿舍提供午餐，随时有零食、饮料可以免费自取,投递要求：简历要求：不限截止日期：,上海市闵行区零号湾1号楼4层,本科,4天／周,实习3个月
前端开发实习生,标准国际银行,150/天,工作职责：1、WEB端和移动端应用产品开发与维护；2、与后端开发工程师共同协作，完成产品界面和功能的实现。岗位要求：1、本科及以上学历，软件相关专业；2、在学校或实习期间有前端经验，会Vue；3、有较强的学习能力，团队沟通协作能力。,投递要求：简历要求：中文截止日期：,控江路1555号上海信息技术大厦2608,本科,5天／周,实习3个月
前端开发实习生,众安保险,200-300/天,"【岗位职责】1.参与前端技术方案制定、技术评审、代码编写、代码质量管控、技术交流分享等；2.与设计师、产品沟通，快速精准分析需求，推进项目进度；3.对现有系统架构进行优化、功能迭代及其他维护工作。【任职资格】1.了解 HTML，CSS，javascript，熟练掌握 ES6/7/8 新特性，对前端编程规范有足够认识；2.了解移动端 web 开发以及调试相关技能，对 web 性能优化有一定的经验；3.了解至少一种前端开发框架，包括但不限于 React/Vue，有React开发经验的优先 ；4.有typescript开发经验的优先；5.熟悉 Nodejs 开发， 并有使用过相关框架（ express/koa 等）的项目经验，熟练使用前端自动化构建工具；6.良好的沟通及表达能力，对新技术充满好奇心。【在这里你能获得什么】1．一个自由思辨，没有天花板的工作殿堂；2．一个开放、年轻的自我驱动、温暖、靠谱、技术氛围浓厚的团队；3．具有竞争力的薪资结构；五险一金、补充公积金（绩优）、年度体检、餐费补贴、弹性工时、生日福利、特殊节假日福利、家人商业保险、每日下午茶、 舒适有活力的办公环境（乒乓球比赛、知识分享大赛各种活动）",投递要求：简历要求：中文截止日期：,上海市/上海市/黄浦区众安保险圆明园路219号1号楼,不限,5天／周,实习4个月
前端开发实习生,smile中国,200/天,Front-end Assistant Development Engineer（Web前端助理工程师）Responsibilities·Responsible for assisting the front-end engineer with all front-end work， mainly on the Web side and some small components on the mobile side· Have some understanding of RESTful interfaces and can use Ajax for simple data manipulation· Gathering customer feedback based on site implementation and choose proper technical solution for problem-solving· Design and build high-quality code that is flexible， reusable， with great performance（pluses）职责· 负责协助前端工程师所有的前端工作，主要是web端，还有少量的移动端的一些小组件· 对RESTful接口有一定了解，可以利用Ajax进行简单的数据操作· 收集客户、用户行为的反馈，对前端效果进行选型和调整优化· 设计和实现高质量、能够重用的、结构化的、高性能的代码（加分项）Qualifications· Musto Bachelors degree in Computer Science， Information Technology， or a related fieldo Experience with React， and one of the following frontend framework including React， Angular， or Vue· Nice-to-haveso Proficient in using HTML5 and CSS3 to complete the page layouto Familiar with JavaScript syntax， some understanding of ES6/7/8 syntaxo Good code habits and readability.o Use git and other code management tools.o Can read and write in English，can speak English is an advantage要求· 必备要求o 本科学历，计算机科学、信息技术或者相关专业o 有使用以下一种前端框架，React、Angular、Vue· Nice to haveo 能够熟练使用HTML5、CSS3完成页面布局。o 熟悉JavaScript语法，对es6/7/8,投递要求：简历要求：中文截止日期：,上海市/上海市/浦东新区上海信息大厦民生路1403号,本科,5天／周,实习6个月
前端开发实习生,哔哩哔哩,250-300/天,工作职责:1. 参与评审项目需求，与产品保持信息同步，执行前端研发方案，确保项目准时交付2. 后续迭代不断完善系统，做到可用，易用，有用，保证迭代开发中的速度与质量3. 支持、跟踪、解决测试过程或者线上发现的前端问题工作要求:1. 本科学历及以上，计算机相关专业优先；2. 熟悉 JavaScript/HTML5/CSS3 等相关前端开发技术；3. 了解 Vue 及其生态体系，有上手开发经验；4. 对页面结构和布局、Web语义化等有深刻理解，能解决各种浏览器兼容性问题；5. 有模块化 / 组件化开发思维，对写出高质量可复用的代码有一定的追求；6. 较强责任心、学习能力强、善于沟通，敢于接受压力和挑战，能够独立完成任务攻关，有良好的团队合作精神。,投递要求：简历要求：中文 英文截止日期：,政立路485号国正中心3号楼,本科,4天／周,实习6个月
前端开发实习生,九坤投资,800-1000/天,岗位职责：参与公司各个Web系统的前端业务功能开发；参与公司各个Web系统的图形化展示；参与公司各个Web系统的交互流程的实现。 任职要求：全日制重点院校本科及以上学历，计算机、电子、自动化等专业；熟悉Web标准与前端三层分离思想，会灵活运用结构层的HTML5、表现层的CSS3和行为层的JavaScript。有移动端H5开发经验是加分项；熟悉JavaScript、ES6等脚本语言，能够运用原生JS和jQuery是加分项；喜欢挑战困难，有Geek精神。每周实习3天以上，实习至少6个月起,投递要求：简历要求：中文截止日期：,上海市/上海市/浦东新区,本科,4天／周,实习6个月
前端开发实习生,第四范式,120-180/天,【工作职责】1）参与公司产品的前端开发工作（主要是PC端）2）与设计师沟通，完成设计交互的UI实现；3）与后端开发人员紧密配合，完成项目；4）维护已有线上项目，根据客户需求修改网页。【岗位要求】1）本科以上学历，计算机或软件工程相关专业2023年毕业；2）熟悉Web开发，html/css/javascript；了解Ajax、DOM等前端技术，掌握面向对象编程思想；3）有React（开发为主）、Vue、Angular、JQuery等前端技术使用经验，能独立开发或封装前端组件者优先；4）了解并掌握前后端分离，熟悉前后端数据交互，能与后端人员高效沟通；5）具备良好的学习能力、沟通能力、分析及解决问题能力，优秀的团队协作精神。,投递要求：简历要求：中文截止日期：,上海市/上海市/静安区上海招商局广场成都北路333号,本科,4天／周,实习3个月
前端开发工程师,网达软件,800-1000/天,岗位职责：1.web和移动端前端开发，完成网站性能优化以及提高网页兼容性；2.与后台开发工程师协作，完成操作交互、数据展现。3.与产品经理、设计良好配合，负责Web前端系统分析、优化工作。任职要求：1.本科及以上学历，计算机相关专业；2.具备HTML、CSS、JS(包含ES6)、XML、JSON等相关技术知识，了解HTTP协议；3.对于Jquery/Vue/React/Angular技术中的一种及MVC、MVVM等前端开发模型有知识储备；4.具备较强的学习能力和解决问题能力，有较强的协调、沟通能力和团队精神；5.211/985院校优先考虑。,投递要求：简历要求：不限截止日期：,上海市浦东新区川桥路409号1号楼,本科,5天／周,实习3个月
前端开发工程师,珀金埃尔默,200/天,QualificationsBachelor’s degree Computer Science，Computer Engineering or equivalent.Work Experience in building web applicationsProficiency in Javascript and atleast one front end Framework (React， Angular， Ember， etc…)Experience building dynamic singlepage applicationsGood sense of UI/UX designExcellentverbal and written communication skills requiredCreativeproblem-solving skillsExcellentwork ethic and desire to learn and take on new challengesKey CompetenciesSupport theevaluation， selection， design， development and maintenance of the platformsExcellentverbal and written communication skills requiredMust be ableto communicate effectively across all levels of the organizationCreativeproblem solving skills and ability to effectively communicate and translatefeedback， needs and solutionsMust havestrong teamwork orientation and the ability to foster collaboration within andacross teamsThoroughunderstanding of and experience with structured software developmentmethodologies including design， development and testing in an Agile environmentExcellent work ethic and strong sense of ownership ofend result,投递要求：简历要求：中文截止日期：,上海张江高科技园区张衡路1670号,本科,5天／周,实习6个月
软件技术支持工程师,迅存科技,150-180/天,职位职责：1. 提供产品售前售后的技术支持，包括演示、安装、培训、验收，帮助客户熟悉使用产品，解决产品使用中的问题；2. 处理回复客户邮件、电话或在线的技术问题；3. 记录、汇总并分析客户提出的各类问题和需求，并反馈到开发组；4. 协助进行软件应用和场景测试，进行bug反馈与跟踪；5. 协助编写技术支持相关文档；职位要求：1. 计算机专业或有相关经验；2. 精通Windows应用；3. 优秀的英文读写能力；4. 熟悉计算机存储行业优先；5. 掌握其它外语优先；6. 有良好的沟通表达能力，善于观察，有独立分析、思考和解决问题的能力；7. 有较快的学习能力，工作细致认真。,投递要求：简历要求： 不限截止日期：,上海浦东新区郭守敬路498号浦东软件园19号楼204,本科,5天／周,实习3个月
IT技术支持Intern,eBay,200-250/天,You have the opportunity to:• Closely work with the latest IT equipment including Apple equipment （MAC book pro and etc)， Digital Signage， Zoom video conference room and etc.• Assist IT team andprovider client support• Draft IT document according to project needs• Complete other administrative tasks in ITSS department• Take part in IT tools developments and testsWhat we expect from you:• Familiar with Windows system， Microsoft Office， MacOS• Positive & logical thinking• Good communication skill in English and Chinese• Attendance: at least 3 working days per week.,投递要求：简历要求：中文截止日期：,上海市/上海市/浦东新区德国中心,本科,5天／周,实习6个月
IT技术支持工程师实习生,DXCTechnology,200-250/天,IT技术支持工程师实习生-上海职责描述：1. 通过电话、Chat及自助网站等形式，为企业用户提供IT技术支持2. 对客户端操作系统及常用应用软件进行 安装、配置，故障检测及排除3. 准确按照流程帮助客户解决账号、电脑软硬件、移动设备、打印机、IP电话等 相关故障问题4. 详细记录工单，对于不能解决的工单， 及时转派到二线团队5. 与客户保持沟通，确保对方了解服务进程并及时处理问题职位要求(23届/24届)：1.专科以上学历，有基础IT知识。具备优秀语言能力；2.了解计算机的软硬件基础3.具备基本的局域网和互联网的知识。4.了解手机和平板电脑APP和基本安全知识5.熟练使用Office365， OneDrive， teams， SharePoint等办公协同工作软件6工作积极主动，有良好的组织协调及沟通能力&semi;7.良好的敬业精神和团队协作能力，有优秀的客户服务意识；8. 倾向想转正的学生9.倾向英语有四级的同学，口语能进行简单沟通实习时间：2022年8月-2023年6月工作地点：上海市静安区南京西路 1601号 越洋国际广场 12 层公司简介DXC Technology（NYSE:DXC）是全球领先且独立端到端IT服务公司，为客户提供强大的下一代IT服务与解决方案。DXCTechnology由惠普公司（HP）的企业服务事业部和美国CSC软件公司在2017年合并成立，在70个国家/地区拥有近6000家企业及公共事业客户，全球超过13万名员工。DXC中国总部位于北京，全国共8个全球交付中心，约2500名本地员工，分布在北京，上海，大连，武汉，青岛，西安等城市，服务于1000多家中国企业客户，是最早获得CMMI5认证的中国企业。DXC 领袖地位和成就·2022年全球财富500强位列207位·Barrons可持续发展最佳企业百强·福布斯2020世界最佳雇主·领导者:IDC MarketScape全球托管安全服务·领导者:NelsonHall 2020高级数字工作场所服务·CRN 2021解决方案提供商500强位列第四·Newsweek的2021年美国最负责任企业之一,投递要求：简历要求：不限截止日期：,上海市/上海市/静安区越洋广场南京西路1601号,本科,5天／周,实习6个月
IT技术支持工程师（实习岗）,富欣信息,150-200/天,岗位职责：1、公司内部IT热线电话支持提供远程桌面和电话及邮件支持&semi;2、微软Windows10、Office 2019等软件故障和熟悉网络拓扑结构；3、办公用台式机、笔记本、网络打印机、办公电话的保修和维修&semi;4、对帐号、应用申请、IT资产配件的申请、发放、回收等一系列管理。职位要求：1、计算机、通讯相关专业（2023届）；2、熟练解决微软Windows10、Office 2019等软件故障和熟悉网络拓扑结构；3、沟通能力强、工作认真负责，能够承受工作压力，英语熟练者佳；4、表现优异者毕业提供转正机会。,投递要求：简历要求：中文截止日期：,宁桥路388号,大专,5天／周,实习6个月
后端网站开发工程师,吉日开世科技,200-300/天,岗位职责：1、负责论坛网站的开发，保证不同浏览器的兼容性，负责用户体验的改善，设计和实现。2、完成网站人才库（简历主数据管理）、科研管理（论文、荣誉管理）、项目合作（合同签订）、活动信息发布（人才论坛活动、圆周讨论会）、专家顾问团队（高校、企业、政府）功能模块的技术方案和系统设计；3、有网站搭建，升级相关项目经验。任职要求：1、本科及以上学历，计算机或相关专业，良好的英文表达能力&semi;2、具备良好的编码习惯，结构清晰，命名规范，逻辑性强，代码冗余率低&semi;3、良好的Java等编程语言基础，数据结构和算法基础扎实&semi;熟悉至少一种开源数据库或缓存系统，了解常用 RPC 框架如 GRPC、Thrift 等，了解常用消息中间件如 kafka、ActiveMQ；4、熟悉分布式系统原理，熟练掌握一种以上服务框架和消息中间件者优先&semi;5、熟悉Internet常用协议，如HTTP、TCP/IP；6、有较强的学习能力，有强烈的求知欲、好奇心，能及时关注和学习业界最新技术；7、有高并发服务、微服务设计和实现经验优先，有系统架构设计经验优先；你将收获：1.创新的硕博人才中心平台，颠覆了传统，希望伟大中有你。2.新颖的培养模式与股权激励，你也可以是年轻团队中脱颖而出的领头羊。 3.节假日福利慰问。,投递要求：简历要求：中文截止日期：,上海市/上海市/宝山区沪太路2899弄45号楼3层,本科,3天／周,实习3个月
后端开发实习生（直播）,哔哩哔哩,300-400/天,工作职责1. 负责B站版权音乐服务端开发2. 负责部分服务端基础建设任职要求1. 本科或以上学历，计算机相关专业(非相关专业，需要自学对应课程)2. 热爱计算机编程，基础扎实，算法过关，精通一门编程语言3. 掌握mysql，redis，kafka等基础组件技术4. 了解http，TCP/IP相关网络协议5. 具备较强的逻辑思维能力，表达能力，协作能力6. 有责任心，态度积极向上7. 熟悉go语言加分,投递要求：简历要求：中文截止日期：,上海市/上海市/杨浦区国正中心-3号楼政立路485号,本科,5天／周,实习3个月
后端开发实习生-网关,哔哩哔哩,250-400/天,工作职责:1、参与产品需求评审，与设计师、移动端工程师一起完成产品功能的设计与开发，优化用户体验；2、负责优化后端业务网关模块结构和流程逻辑，做好服务保障工作要求:1、本科及以上学历在读，计算机相关专业优先；可连续出勤3个月，一周可出勤3天及以上优先；2、扎实的数据结构和算法基础加分；3、良好的沟通能力和团队合作能力；4、对新技术保持热情，具备良好的分析、解决问题的能力。,投递要求：简历要求：中文 英文截止日期：,政立路489号国正中心1号楼,本科,4天／周,实习3个月
后端开发工程师（2023）,东亚前海证券,100/天,岗位职责:1、负责后台系统代码设计与开发，使用敏捷产品开发流程来确保功能按时交付；2、深入理解业务需求，使用适当技术手段促进业务的快速高质量落地；3、熟悉JAVA语言及Spring框架开发。 任职要求:1、2023届硕士，经管类、计算机类专业学生优先；2、对证券行业有一定了解和热情，具有证券从业资格证者优先；3、逻辑性强，勇于创新和挑战，做事踏实靠谱；4、实习三个月以上，保证稳定的出勤率，全勤者优先；5、实习表现优异者有留用机会。,投递要求：简历要求：中文截止日期：,上海市浦东新区世纪大道1788号陆家嘴金控广场,硕士,3天／周,实习3个月
Python后端开发实习生,磐御网络,200-400/天,岗位职责：1、熟练掌握Python语言，可进行简单开发工作；2、使用python按需求采集数据并做自动化处理。任职要求：1、熟悉django或者flask框架；2、具有WEB安全基础，精通TCP/HTTP协议；3、熟悉socket编程；4、可实习时长不少于6个月，4-5天/周。你将获得：公司为中电科（CETC）网络空间安全研究院深度合作单位，实习表现优异可向研究院推荐。,投递要求：简历要求：中文截止日期：,上海市杨浦区五角场合生国际中心12楼（磐御网络）；中电科15所、36所的上海研发中心（湾谷科技园A5、A4，复旦江湾校区附近）,本科,4天／周,实习6个月
软件开发工程师（后端）,谷斗科技,150-250/天,岗位职责：1.负责企业级系统平台的后端开发，编写后端设计文档，并与前端沟通协作；2.负责系统数据库设计；3.负责代码的优化和维护，保障运行效率；4.负责系统安装部署。任职资格：1.计算机和软件及其相关专业本科及以上学历；2.独立承担和负责过一个项目的后端设计和开发；3.熟练掌握Java语言、JVM原理和J2EE规范；4.掌握面向对象分析和设计的方法，掌握OOP，掌握设计模式；5.熟练使用Spring（MVC）、Spring Boot和Spring Cloud、mybatis、Junit、Gradle、Git等开源框架和工具；6.熟悉数据库应用和设计，熟练使用主流数据库(Mysql、Oracle、Postgrel)；7.有较强的学习能力，抗压能力较强，有责任心，有较强的团队沟通和协作能力。,投递要求：简历要求：中文截止日期：,呼兰西路100号永谊大厦10楼F座,本科,6天／周,实习12个月
后端PHP开发实习生,芯竹科技,200-250/天,【岗位职责】负责公司产品系统管理后台的开发【任职要求】1. 计算机/软件或其它相关专业，喜欢编程2. 具有一定的后端开发的经验3. 熟悉PHP编程语言，了解HTML/JS编程语言4. 具有良好的独立分析和解决问题的能力5. 实习优秀可转正,投递要求：简历要求：中文截止日期：,上海市静安区沪太路785号新华园A座5019室,本科,5天／周,实习6个月
WEB后端开发工程师,云合智网,300/天,1. Web后端数据模型设计和定义2. Web后端REST API设计和实现3. 熟练使用一种以上流行的Web后端框架：Node.js/Express.js，Python/Tornado，Java/Spring等4. 熟悉OpenAPI/Swagger， GraphQL等5. 熟悉Python语言，numpy/pandas/flask/django等框架：6. 掌握一种以上流行的数据库：RedisDB， MongoDB， MySQL/SQLite3等,投递要求：简历要求：中文截止日期：,上海市徐汇区古美路研祥科技大厦803室,硕士,3天／周,实习6个月
后端C++开发工程师,皓兴科技,400-500/天,岗位职责：1.参与策略研究及交易相关平台的设计和开发；2.根据投研团队的实际需求，设计和开发对应的工具；3.利用软硬件技术优化和加速相关平台和工具；4.紧跟领域前沿，探索新技术，并将其应用至实际场景，提升策略研究效率。岗位要求：1.985/211全日制本科及以上学历，计算机科学、软件工程、通信工程、控制自动化等相关专业；2.熟悉Linux，熟练使用脚本命令和Git等开发工具；3.熟练掌握Python/C/C++中的至少一种编程语言；4.具备扎实的基础知识，如计算机组成、操作系统、计算机网络等；掌握常用算法和数据结构；5.勇于接受挑战，善于发现问题并解决问题，乐于和团队协作且具备高度的责任感。,投递要求：简历要求：中文截止日期：,上海市虹口区吴淞路575号,本科,5天／周,实习3个月
后端开发实习生（电商）,哔哩哔哩,300-400/天,工作职责1、参与B站电商-会员购的交易、魔力赏、商品/库存、供应链等后端业务系统的开发工作。2、从事二次元内容电商应用系统设计与研发工作，包括但不局限于：后端开发、数据报表、取数分析等；任职要求1、计算机相关专业，掌握java、go、C/C++至少一门语言；2、掌握常见的数据结构、了解一种关系型数据库；3、有较好的沟通能力，逻辑清晰，有独立分析和解决问题能力；有强烈的责任心和团队合作精神，能快速主动融入团队。备注：有转正机会。,投递要求：简历要求：中文截止日期：,政立路485号国正中心3号楼,不限,5天／周,实习3个月
Android/JAVA开发工程师,普惠恒丰,120-200/天,1、负责移动终端Android的需求分析、设计、开发等工作；2、负责与项目相关人员共同完成模块设计、移动终端与服务器端的通讯设计与开发；3、按照项目计划，在遵循代码规范，保证代码质量的前提下按时完成开发任务；4、维护和升级现有产品，快速定位并修复软件缺陷；5、负责相关技术文档的编写。任职要求：1、软件工程、计算机或相关专业全日制本科或以上学历。2、1-3年Android APP实际开发经验；3、精通Android开发平台及框架原理，精通系统组件的使用，能够进行自定义控件封装，熟练使用Android Studio；能根据产品设计进行应用程序开发；4、、熟练掌握java语言，熟悉Android平台下的软件开发，开发架构和API调用；5、熟悉Android系统体系结构、UI布局设计，framework以及底层库；6、熟悉Android下网络通信机制，对Socket通信、TCP/IP和http/https有一定理解和经验；7、对用户体验、用户需求、交互操作流程有一定理解；8、注重细节，有耐心、责任心强，良好的沟通协调能力及团队合作精神；9、有创造力、想象力，抗压能力；热爱技术、乐于分享；10、逐步发展为Android/JAVA 全栈式开发专业人才；11、较好的技术英语基础优先；,投递要求：简历要求：不限截止日期：,南京,本科,5天／周,实习5个月
开发实习生,NEC,100-150/天,岗位职责：1、担任系统开发部门开发作业的辅助工作（MES开发）。任职要求：1、22届、23届应届毕业生，计算机、软件工程相关专业。2、有一定的软件开发能力或信息管理系统经验。3、可以实习3个月以上。,投递要求：简历要求：中文截止日期：,上海市长宁区长宁来福士广场,本科,4天／周,实习3个月
IT部实习生（软件开发）,诺尔供应链,250-400/天,一、  OMS、WMS等系统接口开发与运维1.协助产品完成接口需求的梳理，字段映射关系等接口方案以及接口规范整理2.通过接口工具或者自定义开发框架完成接口的开发、测试、   部署、 上线对于上线3.接口进行运维监测，并处理接口异常消息二.OMS、WMS等系统功能开发1.根据功能任务进行系统代码的开发、代码提交、分支合并等2.根据测试脚本完成代码的单元测试与集成测试3.负责OMS、WMS等系统的功能持续优化及性能调优协同工作三.领导交待的临时任务我们希望您具备以下：1.本科以上学历，计算机、电子技术、通信工程及相关专业无2.掌握JAVA开发语言，熟悉SpringBoot，SpringCloud，3.了解GIT     3.熟悉MySQL MSSQL等数据库4.了解VUE等前端技术框架5.具备工程化思维，有较好的问题分析与解决能力；6.对新技术充满热情，积极学习，具有高度的责任心以及良好团队合作精神。,投递要求：简历要求：不限截止日期：,上海市松江区九泾路1501号,本科,5天／周,实习6个月
项目管理实习生,宝尊电商,150-200/天,任职要求:1）每周工作时间至少4天，9月尽早到位，9.10月支持项目工作2）性格要求：细心，愿意沉下心来做事情，不惧难3）专业要求：信息管理/软件工程/或者其他计算机相关专业。如果性格特别合适，管理专业的也可以岗位职责:商品中心的转换器配置工作，针对运动、服饰的京东渠道类目,投递要求：简历要求：中文截止日期：,上海市静安区江场西路510号市北数智大厦,本科,4天／周,实习3个月
资产管理中心-资管技术部-实习生,中信期货,100-150/天,岗位职责：1、负责量化交易系统的程序开发，测试部署，性能调优等工作；2、维护及完善量化交易基础设施，包括数据库、自动化等；3、其他投研相关系统等安装与维护；4、上级安排的其它工作。岗位要求：1、2023届及以后毕业本科及以上学历，计算机科学或者相关专业；2、对量化投资有强烈热情；3、具有 Linux 系统管理、数据库管理和运维经验，包括数据库日常运维等；4、编程基本功扎实，掌握C++与Python开发语言、常用算法和数据结构；5、熟悉TCP/UDP网络协议及相关编程、进程间通讯编程。,投递要求：简历要求：中文截止日期：,上海市浦东新区杨高南路799号陆家嘴世纪金融广场3号楼23层,本科,3天／周,实习3个月
信息系统技术实习生（上海）,华福证券,50-80/天,职责：1、负责信息系统的技术管理，包括需求和架构评估、确定技术方案、上线技术准备等。2、负责管理系统的测试管理工作：包括测试环境搭建、测试准备、测试技术协助，优化测试方法和流程，确保测试结果可靠。3、按要求协助完成系统相关项目工作。任职要求：1、计算机科学、软件工程等相关专业，具有理工类与财经类复合型背景者优先；2、熟悉Java或者Python等应用开发语言，熟悉主流开发框架，有IT项目开发经验优先；3、熟悉Oracle、Mysql数据库脚本语言，有plsql开发经验优先；4、做事认真负责，敢于接受挑战，具有良好的沟通能力和学习能力，良好的团队合作意识搜索复制,投递要求：简历要求：中文截止日期：,上海,本科,5天／周,实习1个月
后端实习生,鹏博士电信传媒集团股份有限公司（北京）,200-300/天,【工作职责】：1、不需要坐班，远程办公，可以居家或者在校，保障每周工作三天及以上即可；2、公司领导远程布置任务，有结果或者有问题主动积极去反馈和沟通。3、服务于企业相关产品后台系统的开发及接口应用的开发，后期如有意向也会安排一部分算法的工作【岗位要求】：1、计算机、软件工程等相关专业，所在院校为985/211，本科及以上学历，希望至少可以实习半年以上；2、优秀的代码能力，扎实的数据结构和算法功底，熟悉后端的软件开发；3、有python/go/C++等语言的开发经验4、具备较强的学习能力和责任心，团队合作精神，对挑战性问题充满激情【你将收获】：1.你将会获得来自业内大佬的耐心指导；2.你将和一批十分优秀的小伙伴共同工作；3.如果你足够优秀，你将会得到独立负责项目的机会；4.你将会快速提升自己的能力，快速明确自己的目标！5.极具含金量的实习经历！,投递要求：简历要求：中文截止日期：,全国职位，详情在职位描述中说明,本科,5天／周,实习6个月
后端工程师,常善科技,150-250/天,1、根据产品设计文档进行需求分析和功能设计。2、根据迭代计划完成服务器端代码开发并通过测试验收。3、与产品沟通，明确产品的优化方向和思路，设计具体的数据库。任职资格：1. 熟练掌握开发及版本控制工具，具备出色的代码优化、调试能力、良好的编程风格和文档习惯。2. 掌握mysql，mongoDB，redis及Linux常用工具的优先考虑。熟练SQL语言，使用python，java，golang等后台语言的一种,投递要求：简历要求：中文截止日期：,全国职位，详情在职位描述中说明,大专,5天／周,实习3个月
互联网销售实习生,泉安科技,500-800/天,【岗位职责】1.沟通协调业务部门工作对接，制作销售数据报表；2.处理业务订单相关问题；3.协助销售经理对捆绑的专属客户进行售后维护；4.领导交办的其他事宜。【任职要求】1.有学生会社团经验者优先，接受应届生；2.逻辑思维和分析概括能力突出；3.能吃苦，富远见，想锻炼提升自我能力者。【你将获得】1.北上广有梦，这里是梦开始的地方。2.独特的企业管理体系，颠覆了传统的制度模式，希望伟大中有你。3.新颖的培养模式与晋升机制，你也可以是年轻团队中脱颖而出的领头羊。4.新劳动者所有，未来的公司属于你。,投递要求：简历要求：不限截止日期：,北京市朝阳区媒体村天畅园,本科,5天／周,实习3个月
互联网运营实习生,毛小汪,0-50/天,【岗位职责】1、运营工作：负责宠物相关互联网平台的文案创作和运营，比如微信公众平台、今日头条、新浪微博，抖音等平台的实操，可天天和可爱的萌宠接触，了解当下热点行业资讯。2、营销工作：配合团队做营销工作，帮助公司增加整体销售额，增加利润。3、策划工作：为团队发展出谋划策，调动各个团队实现粉丝的增长或者销售额的提升。【任职要求】1、仅接受在校本科大一和研一的学生报名。2、对互联网或者宠物行业感兴趣，有充足的课余时间。每天可累计工作三小时，有意向工作至少一年。3、为人踏实认真，有一定抗压能力，面对多项任务能合理分配时间，具有创新能力，能为团队出谋划策，不甘平庸。4、接触过平台运营或者有文案创作功底、会图片视频剪辑（ae\pr\ps等）技能的同学，没有经验肯学习有耐心的也欢迎。【你将获得】1、免费培训，不收取任何费用。2、岗位晋升机会大，表现优异者可带团队，成为teamleader3、给开实习证明，不再担心实习没地方去。4、结实各地大学生人才，积累的人脉资源。5、充分接触互联网行业，拓宽以后的职业发展，如果足够有能力，迈入BAT不是梦。,投递要求：简历要求：中文截止日期：,线上；全国,本科,7天／周,实习12个月
互联网运营实习生,毛小汪,50-80/天,【岗位职责】1、运营工作：负责宠物相关互联网平台的文案创作和运营，比如微信公众平台、今日头条、新浪微博，抖音等平台的实操，可天天和可爱的萌宠接触，了解当下热点行业资讯。2、营销工作：配合团队做营销工作，帮助公司增加整体销售额，增加利润。3、策划工作：为团队发展出谋划策，调动各个团队实现粉丝的增长或者销售额的提升。【任职要求】1、仅接受在校本科大一和研一的学生报名。 2、对互联网或者宠物行业感兴趣，有充足的课余时间。每天可累计工作三小时，有意向工作至少一年。 3、为人踏实认真，有一定抗压能力，面对多项任务能合理分配时间，具有创新能力，能为团队出谋划策，不甘平庸。 4、接触过平台运营或者有文案创作功底、会图片视频剪辑（ae\pr\ps等）技能的同学，没有经验肯学习有耐心的也欢迎。【你将获得】1、免费培训，不收取任何费用。 2、岗位晋升机会大，表现优异者可带团队，成为teamleader 3、给开实习证明，不再担心实习没地方去。 4、结实各地大学生人才，积累的人脉资源。 5、充分接触互联网行业，拓宽以后的职业发展，如果足够有能力，迈入BAT不是梦。,投递要求：简历要求：不限截止日期：,线上,本科,7天／周,实习12个月
Java开发实习生,用友金融,150-200/天,岗位职责：1、参与公司产品及项目开发，完成需求分析，完成子系统和模块设计；2、根据项目进度要求，完成子系统和模块开发、单元测试和系统联调；3、根据公司规范要求，编写技术文档；4、系统重构、功能升级和解决bug。任职要求：1、2023届，计算机及其相关专业，全日制一本及以上学历；2、计算机基础知识扎实，网络，数据库，操作系统，开发语言（java优先）方面；3、善于沟通，有独立思考能力，独立学习能力，有担当，有团队精神。,投递要求：简历要求：中文截止日期：,上海市浦东新区陆家嘴,本科,5天／周,实习6个月
UE4开发实习生,空岛科技,150-180/天,岗位职责：1．主要进行Unreal引擎的开发及接口实现，使用游戏引擎进行交互式开发；2．根据设计需求，合理利用和整合引擎各部分的功能模块；3．指导美术使用Unreal的基本功能，整理相关使用文档。4．针对Oculus、HTC Vive等VR设备的蓝图编辑，完成功能开发；5．完成与服务器端的通信协议设计、联合调试工作；6．进行BUG修复，完成功能的单元测试，集成测试工作；岗位要求：1．计算机相关专业；2．具有3D图形学基础；3．热爱编程，能够承受开发压力，责任心强；,投递要求：简历要求：中文截止日期：,增泽世贸9楼JK室,本科,4天／周,实习6个月
系统开发工程师,正瀛资产,100-200/天,工作职责 1. 参与公司核心产品功能和架构开发 2. 参与核心技术算法研究、实现和优化 3. 参与前瞻性技术的跟踪和产品创新  工作要求 1.本科及以上计算机相关专业 2.熟练使用python 3.操作过数据库(MySQL和MongoDB均可) 4.对网络连接有基本了解 5.会写javaScript 加分,投递要求：简历要求：中文截止日期：,上海市浦东新区陆家嘴,本科,4天／周,实习3个月
C++开发工程师,伯兄投资,500-1000/天,职责描述：负责高性能交易系统和低延迟系统开发任职要求：1.       0-2年相关工作经验2.       211或985全日制本科计算机、EE专业毕业3.       熟悉C++特别是C++11的多线程程序开发4.       对构造低延迟高性能计算系统有兴趣5.       对一门以上脚本语言有了解（Python、Ruby、Lua或者Perl），不要求精通加分条件：1.       有过计算机竞赛经历并且在省级比赛获得过名次2.       对金融交易有兴趣3.       对于程序性能有着偏执的狂热,投递要求：简历要求：中文截止日期：,上海市静安区恒隆广场,本科,5天／周,实习3个月
LINUX开发工程师,SenseTime商汤科技,250-500/天,岗位职责：1.负责基于ARM和X86平台的Linux应用程序开发；2.负责基于Linux的AI SDK移植和适配；3.负责部分app开发工作， 实现产品功能；任职要求：1. 全日制统招本科及以上学历；2. 熟练应用linux，熟悉C或C++开发；3. 逻辑清晰，善于思考，具有良好的执行力和责任心；加分项：1. 活跃的 Github 用户，参与过开源项目和技术分享；2. 有良好的主观能动性和沟通能力，能快速熟悉并掌握新技术；3. 除JAVA之外了解更多的后端语言，如 Go、C++、Python 等；4. 至少3个月的实习生，可长期实习的学生优先；,投递要求：简历要求：中文截止日期：,上海徐汇区虹梅路1900号商汤科技大厦,本科,5天／周,实习3个月
C++开发实习生,衍复投资,500-800/天,工作职责1. 负责策略研究需求的设计和实现；2. 参与量化交易系统的设计开发和维护；3. 参与大数据平台的开发和优化；任职资格1. 2023届或2024届国内外名校，本科及以上学历，计算机相关专业；2. 熟练掌握常用的数据结构和算法；3. 熟练掌握C++；4. 思路清晰，逻辑能力强；5. 实习3个月，每周至少4天（不支持线上实习）；,投递要求：简历要求：中文截止日期：,上海市徐汇区龙华中路596号绿地中心A座909,本科,4天／周,实习3个月
软件开发工程师,SenseTime商汤科技,250-500/天,岗位职责： 1.负责基于ARM和X86平台的Linux应用程序开发； 2.负责基于Linux的AI SDK移植和适配； 3.负责部分app开发工作， 实现产品功能；  任职要求： 1. 全日制统招本科及以上学历； 2. 熟练应用linux，熟悉C或C++开发； 3. 熟练python gui开发可优先； 4. 逻辑清晰，善于思考，具有良好的执行力和责任心；  加分项： 1. 活跃的 Github 用户，参与过开源项目和技术分享； 2. 有良好的主观能动性和沟通能力，能快速熟悉并掌握新技术； 3. 除JAVA之外了解更多的后端语言，如 Go、C++、Python 等； 4. 至少3个月的实习生，可长期实习的学生优先；,投递要求：简历要求：中文截止日期：,上海徐汇区虹梅路1900号商汤科技大厦,本科,5天／周,实习3个月
GIS开发工程师,星逻智能,150-200/天,工作职责：1. 负责无人机正射图像拼接及发布；2. 负责优化全自动流程；3. 负责图像应用层开发支持。岗位要求：1. 熟悉图像拼接及切图发布软件，如 Arcgis、Geo Server，Pix4D等；2. 熟练掌握图像处理专业基础知识；3. 每周可实习四天以上；4. 可提供住宿。,投递要求：简历要求：中文截止日期：,上海浦东海洋一路333号4栋1层；上海浦东锦绣东路1999号；苏州星湖街328号,硕士,5天／周,实习3个月
Android开发实习生,SenseTime商汤科技,300-400/天,岗位职责：1、负责公司人脸识别等AI技术在Android端的开发落地；2、参与 APP 版本迭代、性能优化及安装部署；3、完成项目技术文档编写，参与专利申请。任职要求：1、 熟练使用Android Studio， adb、Git， Gradle， shell脚本等开发工具；2、扎实的计算机专业基础，熟练掌握Java开发语言，熟悉JUnit单元测试、Kotlin优先；3、熟悉掌握Android 四大组件、多线程、图片/网络常见开源框架，熟悉MVVM、Jetpack常用组件；4、了解Android性能优化，包括但不限于布局、内存泄露、ANR等问题优化；5、有较强的责任心和团队精神，对技术有热情，积极上进。,投递要求：简历要求：中文截止日期：,上海市徐汇区漕河泾开发区,本科,5天／周,实习3个月
UE引擎开发,摩尔线程,300-500/天,职位描述协助负责开发数字人/元宇宙应用客户端，包括角色驱动、逻辑、系统、网络、UI等模块同AI部门同时对接，以AI赋能数字人/元宇宙应用职位基本要求熟悉UE5/UE4，具备两年以上虚幻引擎的开发经验或技术管理经验；熟悉蓝图与相关的C++开发；对网络模块有足够了解；具备UI/逻辑/图形渲染的开发能力；能熟练使用角色状态机、面部驱动等功能；职位进阶要求有较高的审美能力，有精益求精的意识者为佳；对虚拟数字人、VR、AR行业、元宇宙板块有一定的了解与热情者为佳；有性能优化、系统测试经验者为佳；深刻理解 Unreal 框架，有插件开发经验者为佳；有一定的技术美术能力者为佳，包括但不限于：对材质PBR渲染、灯光渲染有一定了解；对人物建模、动画制作、骨骼绑定、表情绑定有一定了解；对道具、场景、材质球设计的流程有一定了解；了解其他引擎或拥有相关软件能力者为佳。,投递要求：简历要求：中文截止日期：,长泰广场,本科,5天／周,实习3个月
初级IT技术架构工程师实习生,埃森哲,150-200/天,能够在埃森哲技术实习生项目获得什么？埃森哲培训生项目将使你在职涯开端拔得先筹，为在埃森哲的职业成功奠定基础。 在埃森哲企业技术创新事业部（Accenture Grearter China Technology Group）近一年的实习项目将提供密集的系统培训，真实而丰富的项目体验，获取对某一种技术领域的深入理解以建立起具有优势的职场竞争力。在培训期内，同学们将接受通用技术培训和专向技术培训，并在此之后完成充满挑战性的项目实训任务。每名培训生将配备一位更富经验的埃森哲员工作为导师，帮助其确定职业发展目标，获取内部资源以最大程度地促进个人职业发展。 表现优异的实习生更将有机会在毕业后加入埃森哲，快速晋升至下一个职业等级。 我们提供的实习机会： 1.初级 IT 业务咨询顾问•了解业务和客户的需求，帮助客户实现可落地的数字化转型 •依据业务需求，快速适应不同的项目角色（包括但不限于设计、开发、项目管理等） •学习全球主流商务软件的使用及设计等知识，掌握从设计到测试的基本流程，并完成相关基础工作 •通过不断学习，最终成为不仅熟知业务，且可独立完成需求分析的上流设计的高级 IT 咨询顾问 2.初级 IT 技术架构工程师 •参与公司统一智能平台/应用的架构设计，开发，测试，项目管理等，并根据业务需求能快速适应不同的项目角色 •参与客户智能应用解决方案设计，开发，测试，改善用户体验。 •学习了解业务知识，挖掘客户的需求，帮助客户实现可落地的智能应用解决方案，数字化转型。 •有机会学习大数据，人工智能，智能应用等新兴技术，掌握从解决方案架构到落地实现的整个流程，可独立研究工作，最终快速成长为行业专家。 •与埃森哲智企业技术创新事业部（6000+人）一起工作，接触业界最新的解决方案和技术培训，有广阔的发展空间和更多的发展机会。 •提供长期系统性的技术培训，业界技术大神带队，相关高额的技术培训和考试费用全部可以报销。 •工作内容包括但不限于：智能应用解决方案的技术咨询，架构与设计，开发，部署，测试，上线等。 •职位面向日本本土客户（日文）或日本客户的海外业务（英文）我们对你的期望•2024年应届毕业生，本科及以上学历 · 计算机，软件，信息，通信，电子等IT相关专业、理工科相关专业、日语专业； •乐于接受挑战，具备卓越的逻辑思维，分析和解决问题的能力； •拥有良好的外语能力： IT、理工科专业：二级相当及以上优先，优秀者可放宽至日语基础 日语及文科专业：日语一级，口语流利优先 •可全程（23年9月至24年6月）参加整个实习生项目，一周能实习5天者优先考虑；部分项目可根据学校安排确定实习时间•有志于从事IT行业，并在毕业后与埃森哲一起开启职业生涯。 可实习和工作的城市：上海,投递要求：简历要求：不限截止日期：,上海市/上海市/静安区上海多媒体谷启迪大厦广中西路777弄65号,本科,5天／周,实习3个月
IT技术支持工程师实习生-上海,DXCTechnology,200-250/天,职责描述：1、负责桌面计算机软硬件安装、配置、升级、运行维护与管理2、保障桌面系统正常运行，满足日常工作的需要。3、负责办公设备（计算机、显示器、电话、网络设施和其他附属硬件设施，如打印机、扫描仪）的运行维护与管理，保证日常工作正常进行。4、撰写运行技术文档，统计整理运维数据等5、上级领导安排的其他事宜。职位要求：1. 大专或者本科以上学历，计算机相关专业；非计算机专业、爱好计算机技术者亦可2. 英文水平良好，可以商务读写以及简单的口语沟通。3. 熟悉微软Windows操作系统和Office系列产品；4. 具备IT基础架构(network，VPN，服务器等)的基本知识；5. 具有团队合作精神和良好的沟通能力实习补贴：日薪本科200/硕士230实习时间：2022年8月-2023年6月工作地点（多个site选择）：上海市静安区南京西路1168号中信泰富（2个需求）上海市静安区南京西路 1601号 越洋国际广场 12 层（1个需求）上海市普陀区岚皋路555号品尊国际A座12F（2个需求）上海市长宁区兴义路8号万都中心36楼（1个需求）上海市浦东新区世纪大道201号渣打银行大厦18楼（1个需求）公司简介DXC Technology（NYSE:DXC）是全球独立端到端IT服务公司。DXC Technology由惠普公司（HP）的企业服务事业部和美国CSC软件公司合并成立，在70个国家/地区拥有近6000家企业和公共事业客户及130，000员工。DXC大中华区总部位于北京，全国共8个全球交付中心，约3000名本地员工，分布在北京.上海.大连.武汉.青岛.西安等城市，服务于1000多家中国企业客户，是最早获得CMMI5认证的中国企业。DXC 领袖地位和成就·    2022年全球财富500强位列207位·    Barrons可持续发展最佳企业百强·    福布斯2020世界最佳雇主·    领导者:IDC MarketScape全球托管安全服务·    领导者:NelsonHall 2020高级数字工作场所服务·    CRN 2021解决方案提供商500强位列第四·    Newsweek的2021年美国最负责任企业之一,投递要求：简历要求：中文截止日期：,上海市静安区南京西路1168号中信泰富；上海市静安区南京西路1601号越洋国际广场12层；上海市普陀区岚皋路555号品尊国际A座12F；上海市长宁区兴义路8号万都中心36楼；上海市浦东新区世纪大道201号渣打银行大厦18楼；,大专,5天／周,实习6个月
前端开发（AI游戏),织时律科技有限公司,150-250/天,工作职责：1、代码开发与测试: 协同工作团队参与前端代码的编写、测试和调试。使用现代前端技术栈（包括但不限于HTML，CSS，JavaScript，React，Vue等）进行开发工作。2、技术学习与研究: 积极学习和探索前沿的前端开发技术和工具，如LangChain等新的技术框架，以及AI相关新型技术及论文。3、协同合作: 与开发团队、产品经理、设计师等职能团队密切合作，共同确定项目需求，进行项目开发和优化。4、问题解决: 对产品进行细致的测试，找出并修复前端问题，优化用户体验。5、技术文档编写: 根据需要编写技术文档，如开发指南、用户手册等。职位要求：1、实习时间至少6个月，2、本科学历及以上，计算机相关专业优先；3、熟悉 JavaScript/HTML5/CSS3 等相关前端开发技术，有移动端开发经验；4、熟悉至少一种主流前端框架（Angular、React、Vue 等），有上手开发经验，对底层实现原理有基本了解；5、了解前端主流打包工具（webpack、vite 等），对打包构建流程有一定的了解；6、有模块化 / 组件化开发思维，对写出高质量可复用的代码有一定的追求；7、工作积极负责，对学习新东西有热情，有一定的好奇心和创造能力，有独立思考和解决问题的精神。,投递要求：简历要求：不限截止日期：,上海市/上海市/徐汇区中南新邨淮海中路1670弄1-32号,本科,5天／周,实习3个月
IT技术支持实习生（中日韩方向）,塔塔咨询服务,150-200/天,岗位职责：1.通过电话、邮件以及远程连接等方式帮助企业用户解决问题；2.对每个电话或者邮件进行录单。如果无法解决，会继续跟单或者派给二线组解决；3.良好的学习能力，愿意接受公司IT技术培训。岗位要求：1.计算机相关专业；2.英语四级及以上水平；3.对计算机行业感兴趣，有计算机相关实习经验优先；4.良好的沟通表达能力和团队协作意识，抗压能力强。,投递要求：简历要求：中文截止日期：,上海浦东新区郭守敬路498号,大专,4天／周,实习5个月
游戏网站前端开发,美宸,200-300/天,投递前的小Tips：请同学们在投递前先准备好简历的内容，此岗位需要实际扎实的Nodejs和VUE框架基础，请勿盲目投递，非常感谢！岗位职责：1、参与GameFi项目相关产品前端开发工作2、参与GameFi项目讨论和UI设计，配合UI团队设计系统交互流程，实现UI效果3、协助团队改进框架，优化前端性能岗位要求：1、本科及以上学历、专业不限，有过BlockCHAIN项目参与经验加分2、精通Javascript，ECMAScript6，HTML，CSS，Ajax，jQuery，VueJs，Bootstrap等前端开发技术3、特别需要精通Vue，Vue3框架4、有NodeJs实战经验，熟练Websocket的优先5、学习能力强、热衷技术、喜欢钻研，有Github或者个人技术网站的优先6、有前端自动化测试、单元测试方面经验者优先项目简介：我们是一家极具潜力的创业型公司，目前正在创作一个现象级的游戏项目，希望志同道和且有不错技术功底的小伙伴关注一下，投递时请附上作品,投递要求：简历要求：中文截止日期：,上海市/上海市/杨浦区创智汇翔殷路999号3号楼,本科,5天／周,实习3个月
前端开发实习生(A246577),NIO蔚来,300/天,职责描述：负责能源体系以下业务的前端开发：1、内部提效工具：例如devflow / mockserver / 数据库管理平台等2、后台运营管理系统：如powergo、cmo portal、powerhub开发等3、App H5：如NIO App和加电App内的H5开发4、小程序开发：加电小程序前端开发任职要求：1、熟悉HTML/CSS，HTML标签语义化，CSS样式2、熟悉JavaScript，有原生JS应用经验，熟悉Vue/React有项目应用经验，有UI组件库应用经验3、能精确还原页面设计，制作常规交互动画4、理解 Web 标准，熟悉 HTTP 网络协议5、良好学习能力、工作压力承受能力、沟通表达能力，服务理念和合作精神以下为加分项：1、熟悉页面模块化、组件工程化、性能优化者优先2、有任意一门后端语言开发能力，熟悉常用数据库（MySQL等）优先3、熟悉常用算法，熟悉设计模式优先4、Canvas、webGL、webpack/vite、Vue/React中一项有较深入研究优先5、有自己技术博客，github 有自己项目优先,投递要求：简历要求：中文截止日期：,上海市/上海市/闵行区虹桥镇田林路1016号上海科技绿洲23号楼,本科,5天／周,实习3个月
前端开发实习生(A73776),NIO蔚来,300/天,职责描述：- 负责蔚来用户全生命周期服务产品的Web相关产品开发； - 根据项目安排，独立完成中小型项目的系统分析、设计，并主导完成详细设计和编码的任务； - 根据产品设计要求，完成程序编码、调试、测试和维护工作； 任职要求：- 熟练掌握TypeScript语言。熟悉 HTML/CSS/JavaScript 等前端技术，能轻松写出符合 W3C 标准、兼容主流浏览器的代码； - 理解 Web 标准，有丰富的关于可用性、浏览器原理及网站性能优化等方面的知识，且有成功案例； - 掌握前端构建工具搭建适合项目的前端开发工程化解决方案； - 有Vue.js 项目开发经验，熟悉基于Vue.js的组件化开发模式； - 熟悉ECharts，或其他用于可视化的JS框架； - 良好的沟通能力，责任心强，具备良好的团队合作精神和抗压能力- 实习3个月以上，每周至少4天，211以上的优秀学校，有相关实习经历的本科生或者研究生优先,投递要求：简历要求：中文截止日期：,上海市/上海市/闵行区虹桥镇田林路1016号上海科技绿洲23号楼,本科,5天／周,实习3个月
安全前端开发实习生,小红书,200-300/天,岗位职责1、负责小红书风控平台系统的开发工作，为风控策略算法/运营团队提供安全易用的平台能力；2、持续提升前端框架的用户体验和响应效率，不为拙劣的设计妥协。任职要求1、扎实的数据结构与算法基础，熟练掌握Vue，React或者常见BFF框架至少一种；2、对于新技术有好奇心，乐于尝试行业最新的技术，有比较好的解决问题的能力，能够设计技术解决方案并且落地；3、对于用户交互体验有热爱，热衷于通过技术手段不断提升用户体验。,投递要求：简历要求：中文截止日期：,上海市/上海市/黄浦区小红书公司马当路388号SOHO复兴广场F1,本科,4天／周,实习4个月
前端开发工程师（实习）,艾杰飞,200-400/天,该职位只招收2024届及以后的应届生 暑期7月之后可以开始实习 【工作内容】■ 负责公司内部系统的开发■ 负责公司门户网站的开发■ 负责APP和小程序的前端维护和开发■ 负责公司内部chrome插件的开发【工作魅力】■ 不加班■ 开发技术偏互联网，非传统日企，氛围不严肃枯燥，整体氛围年轻有活力■ 前端技术栈：1.内部系统SPA:ant design pro+react+typescript2.ToC的app和小程序:taro+react-native+typescript3.公司门户网站:next.js+react+typescript4.最新技术栈 next.js 13 + tRPC + tailwind css + typescript 全栈■ 提供实习转正【必须条件】■ 本科以上■ 计算机系相关专业■ 可工作一周3-5天■ 对前端感兴趣，并立志于成为一名优秀的前端开发工程师的■ 有钻研和学习的良好意识【优先条件】■ 希望有React开发经验或自学经验，或者有vue3相关经验并有兴趣技术栈从vue3转向react的■ 有小程序开发经验或自学经验RGF(リクルート・グローバル・ファミリー)是日本综合人力资源服务商リクルート的海外拓展品牌。我们免费向求职者提供一对一专人顾问咨询服务，内容涵盖职业生涯规划、招聘岗位推荐、面试&offer调整、入职后跟进等就职系列服务。我们的区域覆盖：上海、北京、广州、深圳、苏州、天津等多地，欢迎邮件垂询。,投递要求：简历要求：中文截止日期：,上海市区,本科,5天／周,实习6个月
